{
  "hard": {
    "y1": {
      "auroc_macro": 0.6328607523862998,
      "auroc_micro": 0.6328607523862998,
      "auprc_macro": 0.1509066652842087,
      "auprc_micro": 0.1509066652842087,
      "acc_top1": 0.365,
      "f1_macro": 0.16263736263736264
    },
    "y2": {
      "auroc_macro": 0.6206517549751936,
      "auroc_micro": 0.5966824074074074,
      "auprc_macro": 0.34976399090322646,
      "auprc_micro": 0.30917334358845977,
      "acc_top1": 0.355,
      "f1_macro": 0.32575019927682397
    },
    "y3": {
      "auroc_macro": 0.5236266915954415,
      "auroc_micro": 0.5236266915954415,
      "auprc_macro": 0.5070040331610509,
      "auprc_micro": 0.5070040331610509,
      "acc_top1": 0.51,
      "f1_macro": 0.5859154929577465
    }
  },
  "seeds": {
    "simple": 288736,
    "medium": 294400,
    "hard": 342748
  }
}
