{
  "tasks": {
    "hard": {
      "y1": {
        "auroc_macro": 0.46302259807902324,
        "auroc_micro": 0.46302259807902324,
        "auprc_macro": 0.10401266110783958,
        "auprc_micro": 0.10401266110783958,
        "acc_top1": 0.15166666666666667,
        "f1_macro": 0.19589257503949448,
        "auc": 0.46302259807902324
      },
      "y2": {
        "auroc_macro": 0.4794116628211626,
        "auroc_micro": 0.4797935185185185,
        "auprc_macro": 0.24655519299675502,
        "auprc_micro": 0.2431178374395459,
        "acc_top1": 0.2683333333333333,
        "f1_macro": 0.2405824079542027,
        "auc": 0.4794116628211626
      },
      "y3": {
        "auroc_macro": 0.4825728312052632,
        "auroc_micro": 0.4825728312052632,
        "auprc_macro": 0.46590063408433974,
        "auprc_micro": 0.46590063408433974,
        "acc_top1": 0.505,
        "f1_macro": 0.3640256959314775,
        "auc": 0.4825728312052632
      }
    },
    "hard-lite": {
      "y1": {
        "auroc_macro": 0.45182156758421776,
        "auroc_micro": 0.45182156758421776,
        "auprc_macro": 0.10147865442858996,
        "auprc_micro": 0.10147865442858996,
        "acc_top1": 0.5416666666666666,
        "f1_macro": 0.18397626112759644,
        "auc": 0.45182156758421776
      },
      "y2": {
        "auroc_macro": 0.5,
        "auroc_micro": 0.5,
        "auprc_macro": 0.25,
        "auprc_micro": 0.25,
        "acc_top1": 0.26166666666666666,
        "f1_macro": 0.1036988110964333,
        "auc": 0.5
      },
      "y3": {
        "auroc_macro": 0.5066513787000033,
        "auroc_micro": 0.5066513787000033,
        "auprc_macro": 0.4809987884777943,
        "auprc_micro": 0.4809987884777943,
        "acc_top1": 0.48,
        "f1_macro": 0.6462585034013606,
        "auc": 0.5066513787000033
      }
    },
    "hard-heavy": {
      "y1": {
        "auroc_macro": 0.49696172047828396,
        "auroc_micro": 0.49696172047828396,
        "auprc_macro": 0.1277850103507157,
        "auprc_micro": 0.1277850103507157,
        "acc_top1": 0.8816666666666667,
        "f1_macro": 0.05333333333333334,
        "auc": 0.49696172047828396
      },
      "y2": {
        "auroc_macro": 0.4969852544215412,
        "auroc_micro": 0.4900675925925926,
        "auprc_macro": 0.2562969634726632,
        "auprc_micro": 0.24635825097118647,
        "acc_top1": 0.22833333333333333,
        "f1_macro": 0.0962905118416051,
        "auc": 0.4969852544215412
      },
      "y3": {
        "auroc_macro": 0.5016642361768209,
        "auroc_micro": 0.5016642361768209,
        "auprc_macro": 0.4944954759276965,
        "auprc_micro": 0.4944954759276965,
        "acc_top1": 0.49333333333333335,
        "f1_macro": 0.2863849765258216,
        "auc": 0.5016642361768209
      }
    }
  },
  "seeds": {
    "hard": 256083,
    "hard-lite": 256083,
    "hard-heavy": 256083
  },
  "reconstruction": {
    "hard": 34.40346908569336,
    "hard-lite": 39.637664794921875,
    "hard-heavy": 42.72917938232422
  }
}