{
  "hard": {
    "y1": {
      "auroc": 0.5535864682762492,
      "auprc": 0.11855215646105813,
      "acc": 0.9133333333333333,
      "f1": 0.0
    },
    "y2": {
      "auroc": 0.6885262136186084,
      "auprc": 0.42196420702524856,
      "acc": 0.4216666666666667,
      "f1": 0.4048332096641008
    },
    "y3": {
      "auroc": 0.5171607905982906,
      "auprc": 0.5058639080718481,
      "acc": 0.5166666666666667,
      "f1": 0.24870466321243523
    }
  },
  "seeds": {
    "simple": 288736,
    "medium": 294400,
    "hard": 342748
  }
}