{
  "tasks": {
    "hard": {
      "y1": {
        "auroc_macro": 0.5379574920892721,
        "auroc_micro": 0.5379574920892721,
        "auprc_macro": 0.11585915525016591,
        "auprc_micro": 0.11585915525016591,
        "acc_top1": 0.185,
        "f1_macro": 0.20228384991843393,
        "auc": 0.5379574920892721
      },
      "y2": {
        "auroc_macro": 0.5173487819662335,
        "auroc_micro": 0.5095175925925925,
        "auprc_macro": 0.26171802897424684,
        "auprc_micro": 0.25338923255313817,
        "acc_top1": 0.24166666666666667,
        "f1_macro": 0.1450056473095629,
        "auc": 0.5173487819662335
      },
      "y3": {
        "auroc_macro": 0.5390121450278856,
        "auroc_micro": 0.5390121450278856,
        "auprc_macro": 0.5088158528989644,
        "auprc_micro": 0.5088158528989644,
        "acc_top1": 0.4866666666666667,
        "f1_macro": 0.6475972540045767,
        "auc": 0.5390121450278856
      }
    },
    "hard-lite": {
      "y1": {
        "auroc_macro": 0.5548150429839546,
        "auroc_micro": 0.5548150429839546,
        "auprc_macro": 0.13959614022021105,
        "auprc_micro": 0.13959614022021105,
        "acc_top1": 0.695,
        "f1_macro": 0.17937219730941703,
        "auc": 0.5548150429839546
      },
      "y2": {
        "auroc_macro": 0.5,
        "auroc_micro": 0.5,
        "auprc_macro": 0.25,
        "auprc_micro": 0.25,
        "acc_top1": 0.26166666666666666,
        "f1_macro": 0.1036988110964333,
        "auc": 0.5
      },
      "y3": {
        "auroc_macro": 0.5453685253420312,
        "auroc_micro": 0.5453685253420312,
        "auprc_macro": 0.5312584965913578,
        "auprc_micro": 0.5312584965913578,
        "acc_top1": 0.49333333333333335,
        "f1_macro": 0.6423529411764706,
        "auc": 0.5453685253420312
      }
    },
    "hard-heavy": {
      "y1": {
        "auroc_macro": 0.5,
        "auroc_micro": 0.5,
        "auprc_macro": 0.11166666666666666,
        "auprc_micro": 0.11166666666666666,
        "acc_top1": 0.8883333333333333,
        "f1_macro": 0.0,
        "auc": 0.5
      },
      "y2": {
        "auroc_macro": 0.5062977649807737,
        "auroc_micro": 0.5262231481481482,
        "auprc_macro": 0.267188306438362,
        "auprc_micro": 0.27002605697226256,
        "acc_top1": 0.26666666666666666,
        "f1_macro": 0.1591637599894035,
        "auc": 0.5062977649807737
      },
      "y3": {
        "auroc_macro": 0.46752234751923055,
        "auroc_micro": 0.46752234751923055,
        "auprc_macro": 0.4556358009174151,
        "auprc_micro": 0.4556358009174151,
        "acc_top1": 0.47833333333333333,
        "f1_macro": 0.6140567200986436,
        "auc": 0.46752234751923055
      }
    }
  },
  "seeds": {
    "hard": 256083,
    "hard-lite": 256083,
    "hard-heavy": 256083
  },
  "reconstruction": {
    "hard": 30.561084747314453,
    "hard-lite": 36.947757720947266,
    "hard-heavy": NaN
  }
}