{
  "hard": {
    "y1": {
      "auroc_macro": 0.5535864682762492,
      "auroc_micro": 0.5535864682762492,
      "auprc_macro": 0.11855215646105813,
      "auprc_micro": 0.11855215646105813,
      "acc_top1": 0.9133333333333333,
      "f1_macro": 0.0
    },
    "y2": {
      "auroc_macro": 0.6871533074086552,
      "auroc_micro": 0.7020305555555557,
      "auprc_macro": 0.42196420702524856,
      "auprc_micro": 0.4394355319756741,
      "acc_top1": 0.4216666666666667,
      "f1_macro": 0.4048332096641008
    },
    "y3": {
      "auroc_macro": 0.5171607905982906,
      "auroc_micro": 0.5171607905982906,
      "auprc_macro": 0.5058639080718481,
      "auprc_micro": 0.5058639080718481,
      "acc_top1": 0.5166666666666667,
      "f1_macro": 0.24870466321243523
    }
  },
  "seeds": {
    "simple": 288736,
    "medium": 294400,
    "hard": 342748
  }
}