{
  "split_seed": 202352,
  "split_random_state": 285502,
  "epochs": 20,
  "train_samples": 1000,
  "results": [
    {
      "setting": {
        "label": "beta_1.0",
        "beta": 1.0,
        "info_config": null
      },
      "split_random_state": 285502,
      "epochs": 20,
      "score": {
        "y1": 0.7188788788788789,
        "y2": 0.6335152316312012,
        "y3": 0.5320032003200321
      },
      "metrics": {
        "y1": {
          "auroc_macro": 0.7248848848848849,
          "auroc_micro": 0.7248848848848849,
          "auprc_macro": 0.21627369777296296,
          "auprc_micro": 0.21627369777296296,
          "acc_top1": 0.885,
          "f1_macro": 0.30303030303030304
        },
        "y2": {
          "auroc_macro": 0.6373411928611268,
          "auroc_micro": 0.5403361111111111,
          "auprc_macro": 0.36055679622252257,
          "auprc_micro": 0.2882697295005742,
          "acc_top1": 0.24333333333333335,
          "f1_macro": 0.1776507686685228
        },
        "y3": {
          "auroc_macro": 0.4975497549754975,
          "auroc_micro": 0.4975497549754975,
          "auprc_macro": 0.5143994374022031,
          "auprc_micro": 0.5143994374022031,
          "acc_top1": 0.5,
          "f1_macro": 0.15730337078651685
        }
      },
      "losses": {
        "y1": {
          "total": 2.0843470096588135,
          "reconstruction": 1.425875186920166,
          "kl": 0.007111541461199522,
          "classification": 0.6534937620162964,
          "info_penalty": 0.0,
          "info_weight": 0.0
        },
        "y2": {
          "total": 2.8113155364990234,
          "reconstruction": 1.4294300079345703,
          "kl": 0.007827043533325195,
          "classification": 1.3764066696166992,
          "info_penalty": 0.0,
          "info_weight": 0.0
        },
        "y3": {
          "total": 2.125213861465454,
          "reconstruction": 1.424025058746338,
          "kl": 0.00810416229069233,
          "classification": 0.6955158114433289,
          "info_penalty": 0.0,
          "info_weight": 0.0
        }
      }
    },
    {
      "setting": {
        "label": "beta_2.0",
        "beta": 2.0,
        "info_config": null
      },
      "split_random_state": 285502,
      "epochs": 20,
      "score": {
        "y1": 0.6876076076076076,
        "y2": 0.6383607125727911,
        "y3": 0.5034392328121702
      },
      "metrics": {
        "y1": {
          "auroc_macro": 0.5704504504504504,
          "auroc_micro": 0.5704504504504504,
          "auprc_macro": 0.12616607690816994,
          "auprc_micro": 0.12616607690816994,
          "acc_top1": 0.6816666666666666,
          "f1_macro": 0.1940928270042194
        },
        "y2": {
          "auroc_macro": 0.629700845434463,
          "auroc_micro": 0.6296166666666666,
          "auprc_macro": 0.37354190574314977,
          "auprc_micro": 0.3839574785419463,
          "acc_top1": 0.37166666666666665,
          "f1_macro": 0.3143258465839111
        },
        "y3": {
          "auroc_macro": 0.5182629374048515,
          "auroc_micro": 0.5182629374048515,
          "auprc_macro": 0.5219287220767094,
          "auprc_micro": 0.5219287220767094,
          "acc_top1": 0.5133333333333333,
          "f1_macro": 0.3333333333333333
        }
      },
      "losses": {
        "y1": {
          "total": 2.1122660636901855,
          "reconstruction": 1.4280219078063965,
          "kl": 0.005597291048616171,
          "classification": 0.676408052444458,
          "info_penalty": 0.0,
          "info_weight": 0.0
        },
        "y2": {
          "total": 2.7972376346588135,
          "reconstruction": 1.424147129058838,
          "kl": 0.006492127664387226,
          "classification": 1.3640015125274658,
          "info_penalty": 0.0,
          "info_weight": 0.0
        },
        "y3": {
          "total": 2.129784345626831,
          "reconstruction": 1.4267866611480713,
          "kl": 0.005705631338059902,
          "classification": 0.6950097680091858,
          "info_penalty": 0.0,
          "info_weight": 0.0
        }
      }
    },
    {
      "setting": {
        "label": "beta_4.0",
        "beta": 4.0,
        "info_config": null
      },
      "split_random_state": 285502,
      "epochs": 20,
      "score": {
        "y1": 0.7492692692692693,
        "y2": 0.642312338246301,
        "y3": 0.5324532453245324
      },
      "metrics": {
        "y1": {
          "auroc_macro": 0.7177977977977978,
          "auroc_micro": 0.7177977977977978,
          "auprc_macro": 0.30968503535634984,
          "auprc_micro": 0.30968503535634984,
          "acc_top1": 0.7983333333333333,
          "f1_macro": 0.26666666666666666
        },
        "y2": {
          "auroc_macro": 0.642170080305085,
          "auroc_micro": 0.6008134259259259,
          "auprc_macro": 0.37911386252365153,
          "auprc_micro": 0.29169182504104413,
          "acc_top1": 0.2683333333333333,
          "f1_macro": 0.13173100072225344
        },
        "y3": {
          "auroc_macro": 0.4945716793901612,
          "auroc_micro": 0.4945716793901612,
          "auprc_macro": 0.5321081815529186,
          "auprc_micro": 0.5321081815529186,
          "acc_top1": 0.5216666666666666,
          "f1_macro": 0.6504263093788063
        }
      },
      "losses": {
        "y1": {
          "total": 2.112092971801758,
          "reconstruction": 1.4255732297897339,
          "kl": 0.0054825106635689735,
          "classification": 0.6711686253547668,
          "info_penalty": 0.0,
          "info_weight": 0.0
        },
        "y2": {
          "total": 2.7967581748962402,
          "reconstruction": 1.424608826637268,
          "kl": 0.004975645337253809,
          "classification": 1.358217716217041,
          "info_penalty": 0.0,
          "info_weight": 0.0
        },
        "y3": {
          "total": 2.1325862407684326,
          "reconstruction": 1.423782229423523,
          "kl": 0.00507572665810585,
          "classification": 0.6945919990539551,
          "info_penalty": 0.0,
          "info_weight": 0.0
        }
      }
    },
    {
      "setting": {
        "label": "info_alpha0.3_lambda1.0",
        "beta": 1.0,
        "info_config": {
          "alpha": 0.3,
          "lambda_": 1.0,
          "kernel": "rbf",
          "kernel_bandwidth": 1.0
        }
      },
      "split_random_state": 285502,
      "epochs": 20,
      "score": {
        "y1": 0.6859659659659659,
        "y2": 0.6188696943268538,
        "y3": 0.4879376826571546
      },
      "metrics": {
        "y1": {
          "auroc_macro": 0.6787187187187188,
          "auroc_micro": 0.6787187187187188,
          "auprc_macro": 0.20404838945217552,
          "auprc_micro": 0.20404838945217552,
          "acc_top1": 0.9,
          "f1_macro": 0.16666666666666666
        },
        "y2": {
          "auroc_macro": 0.6405979078259267,
          "auroc_micro": 0.5864560185185185,
          "auprc_macro": 0.3878120298398511,
          "auprc_micro": 0.2858686917826137,
          "acc_top1": 0.26,
          "f1_macro": 0.10701239946380697
        },
        "y3": {
          "auroc_macro": 0.5105843917725106,
          "auroc_micro": 0.5105843917725106,
          "auprc_macro": 0.5150983761086544,
          "auprc_micro": 0.5150983761086544,
          "acc_top1": 0.49833333333333335,
          "f1_macro": 0.013114754098360656
        }
      },
      "losses": {
        "y1": {
          "total": 2.070467710494995,
          "reconstruction": 1.4215331077575684,
          "kl": 0.007407122291624546,
          "classification": 0.6453315019607544,
          "info_penalty": -2.6496873033465818e-05,
          "info_weight": 0.30000000000000004
        },
        "y2": {
          "total": 2.798818349838257,
          "reconstruction": 1.4259681701660156,
          "kl": 0.007481734734028578,
          "classification": 1.3692303895950317,
          "info_penalty": -4.621166954166256e-05,